Timestamp,Open,High,Low,Close,Volume,SMA_5,SMA_10,SMA_20,SMA_50,SMA_100,SMA_200,SMA_500
2026-01-01 09:15:00+05:30,216.5,217.8,213.02,216.42,6362680,,,,,,,
2026-01-01 09:30:00+05:30,216.45,216.79,215.64,216.63,2351109,,,,,,,
2026-01-01 09:45:00+05:30,216.64,216.65,216.3,216.45,1208663,,,,,,,
2026-01-01 10:00:00+05:30,216.45,216.55,215.74,215.89,1186374,,,,,,,
2026-01-01 10:15:00+05:30,215.89,215.9,214.9,215.58,2179729,216.19400000000002,,,,,,
2026-01-01 10:30:00+05:30,215.58,215.66,214.65,214.78,1915271,215.86599999999999,,,,,,
2026-01-01 10:45:00+05:30,214.71,215.3,214.7,215.25,1346512,215.59,,,,,,
2026-01-01 11:00:00+05:30,215.24,215.74,215.1,215.25,1027457,215.35,,,,,,
2026-01-01 11:15:00+05:30,215.24,215.7,215.1,215.52,733946,215.276,,,,,,
2026-01-01 11:30:00+05:30,215.53,215.6,215.41,215.45,395260,215.25,215.72199999999998,,,,,
2026-01-01 11:45:00+05:30,215.53,215.7,215.4,215.49,505503,215.392,215.629,,,,,
2026-01-01 12:00:00+05:30,215.49,215.64,215.47,215.62,504135,215.46599999999998,215.52800000000002,,,,,
2026-01-01 12:15:00+05:30,215.62,215.69,215.36,215.52,605869,215.51999999999998,215.435,,,,,
2026-01-01 12:30:00+05:30,215.52,215.53,215.06,215.17,889588,215.45,215.363,,,,,
2026-01-01 12:45:00+05:30,215.16,215.18,214.85,214.89,1134392,215.33800000000002,215.294,,,,,
2026-01-01 13:00:00+05:30,214.9,215.1,214.55,214.72,1872569,215.18399999999997,215.288,,,,,
2026-01-01 13:15:00+05:30,214.72,214.72,214.51,214.54,708345,214.96800000000002,215.217,,,,,
2026-01-01 13:30:00+05:30,214.54,214.55,214.05,214.11,1612840,214.68599999999998,215.10299999999998,,,,,
2026-01-01 13:45:00+05:30,214.11,214.44,213.7,214.4,1856239,214.532,214.99099999999999,,,,,
2026-01-01 14:00:00+05:30,214.39,214.93,214.16,214.8,1780333,214.51399999999998,214.926,215.32399999999998,,,,
2026-01-01 14:15:00+05:30,214.83,214.89,213.9,214.24,1363618,214.41799999999998,214.801,215.215,,,,
2026-01-01 14:30:00+05:30,214.24,215.1,214.24,215.08,1567829,214.526,214.747,215.1375,,,,
2026-01-01 14:45:00+05:30,215.09,215.09,214.5,214.99,1134137,214.702,214.69400000000002,215.0645,,,,
2026-01-01 15:00:00+05:30,214.99,215.06,214.65,214.8,1534094,214.782,214.657,215.01,,,,
2026-01-01 15:15:00+05:30,214.7,215.6,214.62,215.1,2858157,214.842,214.67800000000003,214.98600000000002,,,,
2026-01-02 09:15:00+05:30,220.33,221.0,217.6,219.77,8243082,215.948,215.183,215.2355,,,,
2026-01-02 09:30:00+05:30,219.77,221.75,219.76,221.23,7026716,217.17800000000003,215.852,215.53449999999998,,,,
2026-01-02 09:45:00+05:30,221.23,221.23,220.2,220.56,3218381,218.292,216.497,215.8,,,,
2026-01-02 10:00:00+05:30,220.59,220.94,220.21,220.5,2524864,219.43200000000002,217.10700000000003,216.04899999999998,,,,
2026-01-02 10:15:00+05:30,220.5,220.5,219.7,220.09,2271578,220.43,217.63600000000002,216.281,,,,
2026-01-02 10:30:00+05:30,220.08,220.18,219.15,220.04,2219601,220.484,218.21599999999998,216.5085,,,,
2026-01-02 10:45:00+05:30,220.04,220.85,220.02,220.73,2022259,220.38400000000001,218.781,216.76399999999998,,,,
2026-01-02 11:00:00+05:30,220.73,220.99,220.38,220.9,1726047,220.452,219.372,217.033,,,,
2026-01-02 11:15:00+05:30,220.93,221.3,220.81,221.16,2204874,220.584,220.00799999999998,217.33249999999998,,,,
2026-01-02 11:30:00+05:30,221.16,221.23,220.8,220.89,1595060,220.744,220.587,217.63250000000002,,,,
2026-01-02 11:45:00+05:30,220.88,221.6,220.71,221.57,1995266,221.05,220.767,217.975,,,,
2026-01-02 12:00:00+05:30,221.57,222.0,221.39,221.96,1996695,221.296,220.84,218.346,,,,
2026-01-02 12:15:00+05:30,221.96,222.19,221.6,221.85,2554898,221.48600000000002,220.969,218.733,,,,
2026-01-02 12:30:00+05:30,221.89,221.9,221.12,221.34,2045118,221.522,221.05300000000003,219.07999999999998,,,,
2026-01-02 12:45:00+05:30,221.34,221.4,220.85,221.17,2627812,221.57800000000003,221.16099999999997,219.3985,,,,
2026-01-02 13:00:00+05:30,221.17,221.4,220.72,220.8,2486301,221.42399999999998,221.237,219.7265,,,,
2026-01-02 13:15:00+05:30,220.75,221.15,220.64,220.82,1493258,221.196,221.246,220.01349999999996,,,,
2026-01-02 13:30:00+05:30,220.82,221.09,220.76,220.9,1281263,221.006,221.246,220.30900000000003,,,,
2026-01-02 13:45:00+05:30,220.94,221.42,220.88,221.4,1211636,221.01800000000003,221.26999999999998,220.63899999999998,,,,
2026-01-02 14:00:00+05:30,221.44,221.54,221.08,221.49,1116494,221.08199999999997,221.33,220.95850000000002,,,,
2026-01-02 14:15:00+05:30,221.49,221.69,221.12,221.56,1089120,221.234,221.329,221.048,,,,
2026-01-02 14:30:00+05:30,221.56,221.59,221.2,221.39,978340,221.348,221.27200000000002,221.05600000000004,,,,
2026-01-02 14:45:00+05:30,221.39,221.8,221.33,221.79,1283822,221.52599999999998,221.266,221.1175,,,,
2026-01-02 15:00:00+05:30,221.79,221.88,221.51,221.6,2310443,221.56599999999997,221.292,221.17249999999999,,,,
2026-01-02 15:15:00+05:30,221.65,222.2,221.65,222.17,5386222,221.702,221.392,221.2765,218.16740000000001,,,
2026-01-05 09:15:00+05:30,222.9,226.8,222.2,222.84,9731537,221.958,221.596,221.41649999999998,218.29579999999999,,,
2026-01-05 09:30:00+05:30,222.8,224.82,222.47,224.07,6285481,222.49399999999997,221.921,221.58350000000002,218.44460000000004,,,
2026-01-05 09:45:00+05:30,224.07,224.67,224.0,224.23,2543354,222.98199999999997,222.254,221.75,218.6002,,,
2026-01-05 10:00:00+05:30,224.25,224.57,224.06,224.54,1966213,223.57,222.56799999999998,221.919,218.7732,,,
2026-01-05 10:15:00+05:30,224.54,224.6,224.3,224.58,1311582,224.052,222.877,222.1035,218.9532,,,
2026-01-05 10:30:00+05:30,224.58,224.59,224.26,224.39,1136670,224.362,223.16,222.24449999999996,219.1454,,,
2026-01-05 10:45:00+05:30,224.4,224.52,224.26,224.52,805808,224.452,223.473,222.3725,219.3308,,,
2026-01-05 11:00:00+05:30,224.54,224.58,223.61,223.82,2224564,224.36999999999998,223.67600000000002,222.471,219.50220000000002,,,
2026-01-05 11:15:00+05:30,223.86,224.59,223.7,224.45,1484335,224.352,223.96099999999996,222.62650000000002,219.68079999999998,,,
2026-01-05 11:30:00+05:30,224.52,224.59,224.3,224.38,852481,224.31199999999998,224.18200000000002,222.78699999999998,219.85940000000002,,,
2026-01-05 11:45:00+05:30,224.38,224.49,224.06,224.4,1121551,224.314,224.33800000000002,222.967,220.03760000000003,,,
2026-01-05 12:00:00+05:30,224.42,224.49,224.14,224.3,879494,224.26999999999998,224.36100000000002,223.14100000000002,220.2112,,,
2026-01-05 12:15:00+05:30,224.31,224.45,224.22,224.4,476556,224.38600000000002,224.378,223.31599999999997,220.38879999999997,,,
2026-01-05 12:30:00+05:30,224.4,224.5,224.21,224.31,575271,224.358,224.35500000000002,223.46150000000003,220.5716,,,
2026-01-05 12:45:00+05:30,224.35,224.43,224.23,224.31,416199,224.344,224.32800000000003,223.60250000000002,220.76,,,
2026-01-05 13:00:00+05:30,224.31,224.34,224.05,224.29,1108046,224.32200000000003,224.31799999999998,223.73899999999998,220.95140000000004,,,
2026-01-05 13:15:00+05:30,224.21,224.3,224.0,224.01,922251,224.26399999999998,224.267,223.86999999999998,221.14079999999998,,,
2026-01-05 13:30:00+05:30,224.01,224.28,224.0,224.27,500746,224.238,224.31199999999998,223.99399999999997,221.34399999999997,,,
2026-01-05 13:45:00+05:30,224.29,224.43,224.2,224.37,1077756,224.25,224.304,224.13250000000002,221.5434,,,
2026-01-05 14:00:00+05:30,224.33,224.48,224.19,224.47,880097,224.282,224.31300000000002,224.2475,221.73680000000002,,,
2026-01-05 14:15:00+05:30,224.47,224.5,224.29,224.41,645864,224.30599999999998,224.314,224.32599999999996,221.9402,,,
2026-01-05 14:30:00+05:30,224.41,224.5,224.37,224.49,684903,224.402,224.333,224.34700000000004,222.1284,,,
2026-01-05 14:45:00+05:30,224.5,225.0,224.45,224.96,1707432,224.54000000000002,224.38899999999998,224.3835,222.3278,,,
2026-01-05 15:00:00+05:30,224.98,225.4,224.95,225.4,3828398,224.746,224.498,224.42649999999998,222.53979999999999,,,
2026-01-05 15:15:00+05:30,225.35,226.4,225.3,226.1,6404418,225.07200000000003,224.677,224.5025,222.75979999999998,,,
2026-01-06 09:15:00+05:30,228.16,231.27,228.16,231.2,11281895,226.42999999999998,225.368,224.84300000000002,222.9884,,,
2026-01-06 09:30:00+05:30,231.24,232.16,231.0,231.71,5238976,227.87399999999997,226.138,225.20250000000001,223.19799999999998,,,
2026-01-06 09:45:00+05:30,231.7,231.98,231.45,231.59,3152583,229.2,226.86999999999998,225.59100000000004,223.4186,,,
2026-01-06 10:00:00+05:30,231.62,231.77,230.91,231.02,3531864,230.32399999999998,227.535,225.91950000000003,223.62900000000002,,,
2026-01-06 10:15:00+05:30,231.02,231.69,230.86,231.09,2633471,231.32200000000003,228.19699999999997,226.25500000000002,223.84900000000002,,,
2026-01-06 10:30:00+05:30,231.1,231.45,230.89,231.17,2083957,231.31599999999997,228.873,226.5935,224.0716,,,
2026-01-06 10:45:00+05:30,231.1,231.82,231.02,231.8,1549481,231.334,229.60399999999998,226.9685,224.293,,,
2026-01-06 11:00:00+05:30,231.82,232.49,231.82,232.19,4566889,231.454,230.327,227.358,224.5188,,,
2026-01-06 11:15:00+05:30,232.19,232.25,231.6,231.82,2416774,231.61400000000003,230.969,227.7335,224.732,,,
2026-01-06 11:30:00+05:30,231.85,232.05,231.32,231.74,2104335,231.744,231.533,228.10500000000002,224.949,,,
2026-01-06 11:45:00+05:30,231.74,232.0,231.61,232.0,1014980,231.91,231.613,228.49050000000003,225.15760000000003,,,
2026-01-06 12:00:00+05:30,231.99,232.1,231.75,231.98,1023498,231.946,231.63999999999996,228.88899999999998,225.358,,,
2026-01-06 12:15:00+05:30,231.99,232.12,231.8,232.07,791422,231.92199999999997,231.68800000000002,229.27900000000005,225.56239999999997,,,
2026-01-06 12:30:00+05:30,232.01,232.4,232.0,232.16,966143,231.99,231.802,229.6685,225.77879999999996,,,
2026-01-06 12:45:00+05:30,232.25,232.33,231.72,231.9,1249761,232.022,231.88299999999998,230.04000000000002,225.9934,,,
2026-01-06 13:00:00+05:30,231.9,232.09,231.75,231.78,1073310,231.97799999999998,231.94400000000002,230.4085,226.213,,,
2026-01-06 13:15:00+05:30,231.79,231.87,231.11,231.2,1939071,231.82199999999997,231.88400000000001,230.744,226.4206,,,
2026-01-06 13:30:00+05:30,231.29,231.57,231.01,231.52,1623389,231.712,231.817,231.07199999999997,226.63300000000004,,,
2026-01-06 13:45:00+05:30,231.52,231.88,231.5,231.66,1061293,231.612,231.80100000000002,231.385,226.8382,,,
2026-01-06 14:00:00+05:30,231.7,231.7,231.4,231.45,1398245,231.522,231.77200000000002,231.65249999999997,227.0374,,,
2026-01-06 14:15:00+05:30,231.41,231.95,231.35,231.93,1220708,231.552,231.76500000000001,231.689,227.2448,,,
2026-01-06 14:30:00+05:30,231.93,231.93,231.16,231.29,1791677,231.57,231.696,231.66799999999998,227.44280000000003,,,
2026-01-06 14:45:00+05:30,231.29,231.68,231.12,231.66,2027431,231.598,231.65500000000003,231.67149999999998,227.6402,,,
2026-01-06 15:00:00+05:30,231.6,231.88,231.52,231.63,2099707,231.592,231.602,231.702,227.84079999999997,,,
2026-01-06 15:15:00+05:30,231.56,232.29,231.21,232.17,5741877,231.73599999999996,231.629,231.756,228.0408,223.1041,,
2026-01-07 09:15:00+05:30,237.6,242.7,235.5,235.68,15781972,232.48600000000002,232.019,231.9815,228.29760000000002,223.29670000000002,,
2026-01-07 09:30:00+05:30,235.68,236.44,234.01,235.14,10914826,233.256,232.413,232.14849999999996,228.51899999999998,223.4818,,
2026-01-07 09:45:00+05:30,235.07,236.55,235.04,235.78,5178050,234.07999999999998,232.839,232.32800000000003,228.75,223.6751,,
2026-01-07 10:00:00+05:30,235.75,236.0,235.03,235.25,4871531,234.804,233.19799999999995,232.49949999999998,228.9642,223.8687,,
2026-01-07 10:15:00+05:30,235.28,235.44,234.75,234.85,4142188,235.34,233.538,232.65499999999997,229.16960000000003,224.0614,,
2026-01-07 10:30:00+05:30,234.87,235.48,234.65,235.29,2306693,235.262,233.87400000000002,232.81949999999998,229.3876,224.2665,,
2026-01-07 10:45:00+05:30,235.28,236.3,235.2,235.82,2980945,235.398,234.327,233.0115,229.61360000000002,224.47220000000002,,
2026-01-07 11:00:00+05:30,235.83,235.83,233.22,233.95,5905369,235.032,234.55599999999998,233.10549999999998,229.81619999999998,224.65919999999997,,
2026-01-07 11:15:00+05:30,233.85,234.19,232.81,233.95,4966527,234.77200000000002,234.788,233.195,230.00620000000004,224.84349999999998,,
2026-01-07 11:30:00+05:30,233.95,234.65,233.71,234.19,2428895,234.64000000000001,234.99,233.30949999999999,230.20239999999998,225.0309,,
2026-01-07 11:45:00+05:30,234.19,234.63,233.9,234.09,1683792,234.4,234.831,233.425,230.3962,225.2169,,
2026-01-07 12:00:00+05:30,234.04,234.1,232.62,232.65,4369420,233.766,234.58199999999997,233.4975,230.5632,225.38719999999998,,
2026-01-07 12:15:00+05:30,232.65,232.86,231.39,232.62,5982455,233.5,234.26600000000002,233.5525,230.7276,225.5582,,
2026-01-07 12:30:00+05:30,232.66,233.55,232.61,233.38,2471521,233.38600000000002,234.079,233.63850000000002,230.909,225.7403,,
2026-01-07 12:45:00+05:30,233.38,234.9,233.37,234.2,2885576,233.388,234.01399999999998,233.776,231.1068,225.9334,,
2026-01-07 13:00:00+05:30,234.2,235.16,234.15,234.62,2496813,233.494,233.94699999999997,233.9105,231.31339999999997,226.1324,,
2026-01-07 13:15:00+05:30,234.62,235.25,234.59,234.99,1515475,233.962,233.86400000000003,234.0955,231.53300000000002,226.3369,,
2026-01-07 13:30:00+05:30,234.98,235.13,234.02,234.64,1391590,234.36599999999999,233.933,234.24450000000002,231.74040000000002,226.5422,,
2026-01-07 13:45:00+05:30,234.61,234.89,234.52,234.89,779668,234.66799999999998,234.027,234.40749999999997,231.9508,226.7471,,
2026-01-07 14:00:00+05:30,234.89,235.24,234.7,234.87,1275538,234.802,234.09499999999997,234.54250000000002,232.1588,226.9478,,
2026-01-07 14:15:00+05:30,234.94,235.0,234.51,234.65,834689,234.808,234.15099999999998,234.49099999999999,232.36360000000002,227.15189999999998,,
2026-01-07 14:30:00+05:30,234.64,234.65,233.31,234.05,2590133,234.61999999999998,234.29100000000003,234.43650000000002,232.5548,227.3416,,
2026-01-07 14:45:00+05:30,234.1,234.45,233.56,233.74,2095256,234.44,234.40299999999996,234.3345,232.7304,227.5291,,
2026-01-07 15:00:00+05:30,233.75,234.85,233.62,234.71,4035529,234.404,234.536,234.30749999999998,232.9166,227.7282,,
2026-01-07 15:15:00+05:30,234.74,234.75,233.82,234.09,5205966,234.248,234.525,234.26950000000002,233.0764,227.9181,,
2026-01-08 09:15:00+05:30,232.7,232.7,228.55,229.35,11651538,233.18800000000002,233.998,233.97250000000003,233.03940000000003,228.0139,,
2026-01-08 09:30:00+05:30,229.35,229.35,226.31,228.64,9898636,232.106,233.36299999999997,233.6135,232.97799999999998,228.08800000000002,,
2026-01-08 09:45:00+05:30,228.55,228.6,227.48,227.93,3348314,230.94400000000002,232.692,233.3125,232.9048,228.1617,,
2026-01-08 10:00:00+05:30,227.97,228.42,227.47,227.7,2211655,229.542,231.973,233.0,232.83839999999998,228.2337,,
2026-01-08 10:15:00+05:30,227.65,227.88,227.1,227.45,2749348,228.214,231.231,232.663,232.76559999999998,228.3073,,
2026-01-08 10:30:00+05:30,227.45,227.48,225.3,225.81,4967910,227.506,230.34700000000004,232.24900000000002,232.6584,228.365,,
2026-01-08 10:45:00+05:30,225.9,225.95,224.61,224.88,5333347,226.754,229.42999999999998,231.8605,232.52,228.40649999999997,,
2026-01-08 11:00:00+05:30,224.88,224.9,220.0,220.61,11711823,225.28999999999996,228.11700000000002,231.26,232.28839999999997,228.4036,,
2026-01-08 11:15:00+05:30,220.6,224.28,220.08,223.39,7117905,224.42799999999997,226.98499999999999,230.7605,232.1198,228.4259,,
2026-01-08 11:30:00+05:30,223.37,223.88,221.25,221.73,5545179,223.28399999999996,225.74899999999997,230.137,231.9196,228.4343,,
2026-01-08 11:45:00+05:30,221.8,223.21,221.5,222.94,3172109,222.70999999999998,225.108,229.55300000000003,231.7384,228.44799999999998,,
2026-01-08 12:00:00+05:30,222.91,224.49,222.8,223.55,3935722,222.44400000000002,224.59900000000002,228.981,231.5698,228.4639,,
2026-01-08 12:15:00+05:30,223.55,223.83,222.66,223.51,2320560,223.02399999999997,224.157,228.4245,231.39860000000002,228.48050000000003,,
2026-01-08 12:30:00+05:30,223.48,224.5,223.45,224.49,2192772,223.244,223.836,227.9045,231.2452,228.512,,
2026-01-08 12:45:00+05:30,224.48,224.5,223.36,223.66,1626124,223.63000000000002,223.45699999999997,227.34399999999997,231.08039999999997,228.53689999999997,,
2026-01-08 13:00:00+05:30,223.76,223.88,222.87,223.13,1819134,223.66800000000003,223.189,226.76799999999997,230.90740000000002,228.5602,,
2026-01-08 13:15:00+05:30,223.1,223.2,222.28,222.79,2058095,223.516,222.97999999999996,226.20499999999998,230.73919999999998,228.5799,,
2026-01-08 13:30:00+05:30,222.79,222.92,222.0,222.44,1638831,223.302,223.163,225.64000000000001,230.55759999999998,228.59529999999998,,
2026-01-08 13:45:00+05:30,222.44,222.97,222.12,222.19,2111485,222.842,223.04300000000003,225.01399999999998,230.3682,228.6032,,
2026-01-08 14:00:00+05:30,222.19,222.25,220.67,221.18,4359432,222.346,222.988,224.36849999999998,230.16279999999998,228.6001,,
2026-01-08 14:15:00+05:30,221.21,222.4,220.9,222.3,2145039,222.18,222.92400000000004,224.01600000000002,229.9702,228.6075,,
2026-01-08 14:30:00+05:30,222.3,222.89,221.81,222.5,2738801,222.122,222.81900000000002,223.709,229.7944,228.61859999999996,,
2026-01-08 14:45:00+05:30,222.54,222.77,222.24,222.68,1497947,222.17,222.73600000000002,223.44649999999996,229.6148,228.6275,,
2026-01-08 15:00:00+05:30,222.69,223.44,222.58,223.44,2831978,222.42000000000002,222.631,223.2335,229.451,228.6459,,
2026-01-08 15:15:00+05:30,223.42,224.42,223.18,224.25,5401097,223.03400000000002,222.69,223.07350000000002,229.2926,228.66670000000002,,
2026-01-09 09:15:00+05:30,224.2,227.0,224.2,226.0,10042521,223.77400000000003,222.977,223.083,229.099,228.69830000000002,,
2026-01-09 09:30:00+05:30,226.15,226.85,225.8,226.26,4377497,224.526,223.32399999999998,223.152,228.9214,228.7202,,
2026-01-09 09:45:00+05:30,226.09,226.09,225.12,225.83,4658125,225.156,223.663,223.413,228.7224,228.73620000000003,,
2026-01-09 10:00:00+05:30,225.88,226.58,225.7,226.39,2583710,225.746,224.083,223.56299999999996,228.5452,228.7547,,
2026-01-09 10:15:00+05:30,226.38,226.47,225.71,226.06,1643541,226.108,224.571,223.7795,228.36939999999998,228.76949999999997,,
2026-01-09 10:30:00+05:30,226.08,226.55,226.05,226.26,1178385,226.16,224.967,223.94549999999998,228.18880000000001,228.7882,,
2026-01-09 10:45:00+05:30,226.23,226.29,225.4,225.94,1617027,226.096,225.311,224.065,227.99120000000002,228.80239999999998,,
2026-01-09 11:00:00+05:30,226.05,227.48,226.05,226.8,3864108,226.29000000000002,225.723,224.2295,227.8482,228.83219999999997,,
2026-01-09 11:15:00+05:30,226.79,227.72,226.79,227.64,1769249,226.54000000000002,226.14299999999997,224.38700000000003,227.72199999999998,228.8641,,
2026-01-09 11:30:00+05:30,227.63,228.0,227.22,227.41,2306350,226.81,226.45899999999997,224.5745,227.5864,228.89440000000002,,
2026-01-09 11:45:00+05:30,227.42,227.75,226.94,227.61,1664254,227.08,226.61999999999998,224.79850000000002,227.45680000000002,228.9265,,
2026-01-09 12:00:00+05:30,227.67,228.39,227.63,228.05,2500796,227.502,226.79899999999998,225.06150000000002,227.3648,228.96400000000003,,
2026-01-09 12:15:00+05:30,228.05,228.95,228.01,228.46,2255166,227.834,227.06199999999998,225.3625,227.2816,229.00459999999998,,
2026-01-09 12:30:00+05:30,228.57,228.93,228.26,228.36,1917160,227.97799999999998,227.25900000000001,225.671,227.18120000000002,229.04510000000002,,
2026-01-09 12:45:00+05:30,228.36,228.55,228.01,228.14,1232920,228.12399999999997,227.467,226.019,227.06,229.0834,,
2026-01-09 13:00:00+05:30,228.14,228.38,227.8,228.28,1168162,228.25799999999998,227.669,226.31799999999998,226.93320000000003,229.12329999999997,,
2026-01-09 13:15:00+05:30,228.25,228.4,227.42,227.48,1498603,228.144,227.823,226.567,226.783,229.158,,
2026-01-09 13:30:00+05:30,227.48,228.95,227.32,228.75,2742202,228.202,228.01799999999997,226.87050000000005,226.6652,229.2028,,
2026-01-09 13:45:00+05:30,228.75,228.95,228.5,228.92,1527492,228.314,228.14600000000002,227.14450000000002,226.5458,229.24830000000003,,
2026-01-09 14:00:00+05:30,228.95,229.25,228.75,228.99,1990762,228.484,228.30400000000003,227.38150000000002,226.4282,229.2935,,
2026-01-09 14:15:00+05:30,228.99,229.06,228.33,228.74,1582672,228.57600000000002,228.417,227.5185,226.31,229.3368,,
2026-01-09 14:30:00+05:30,228.74,229.8,228.71,229.74,2459180,229.02800000000002,228.586,227.69249999999997,226.2238,229.3893,,
2026-01-09 14:45:00+05:30,229.78,230.1,229.26,229.78,3149550,229.234,228.718,227.89000000000001,226.1446,229.4375,,
2026-01-09 15:00:00+05:30,229.77,230.58,229.77,230.45,4727236,229.54000000000002,228.92699999999996,228.09300000000002,226.05939999999998,229.488,,
2026-01-09 15:15:00+05:30,230.49,230.95,229.74,229.85,5307456,229.712,229.098,228.28249999999997,225.97459999999998,229.5255,,
2026-01-12 09:15:00+05:30,238.15,244.7,237.15,239.1,18553724,231.78400000000002,230.18,228.9245,226.1696,229.60449999999997,,
2026-01-12 09:30:00+05:30,239.18,239.3,238.32,238.95,4590076,233.62600000000003,231.327,229.575,226.37580000000003,229.6769,,
2026-01-12 09:45:00+05:30,238.99,239.6,238.75,239.22,5917494,235.51399999999998,232.37400000000002,230.196,226.6016,229.7532,,
2026-01-12 10:00:00+05:30,239.29,239.54,239.0,239.46,2967947,237.31599999999997,233.42800000000003,230.78699999999998,226.8368,229.83759999999998,,
2026-01-12 10:15:00+05:30,239.48,239.58,239.32,239.47,2268382,239.24,234.47599999999997,231.39000000000001,227.0772,229.9214,,
2026-01-12 10:30:00+05:30,239.58,239.85,239.36,239.75,2526026,239.37000000000003,235.577,231.997,227.35600000000002,230.0072,,
2026-01-12 10:45:00+05:30,239.82,240.38,239.62,240.31,3076102,239.642,236.63399999999996,232.60999999999999,227.66459999999998,230.09230000000002,,
2026-01-12 11:00:00+05:30,240.31,241.99,240.1,241.9,4677460,240.17799999999997,237.846,233.28199999999998,228.09039999999996,230.18939999999998,,
2026-01-12 11:15:00+05:30,241.88,242.48,241.39,242.22,6770746,240.72999999999996,239.023,233.975,228.467,230.2934,,
2026-01-12 11:30:00+05:30,242.28,242.34,241.62,241.9,3413926,241.21599999999998,240.22799999999998,234.663,228.87040000000002,230.395,,
2026-01-12 11:45:00+05:30,241.86,242.19,241.55,242.1,2839766,241.686,240.52799999999996,235.35399999999998,229.2536,230.496,,
2026-01-12 12:00:00+05:30,242.11,242.28,241.7,241.99,2363578,242.022,240.83200000000002,236.07949999999997,229.62240000000003,230.59609999999998,,
2026-01-12 12:15:00+05:30,242.0,242.29,241.77,241.86,2421389,242.01399999999998,241.096,236.73499999999999,229.9894,230.694,,
2026-01-12 12:30:00+05:30,241.95,242.09,240.6,240.74,3630897,241.718,241.224,237.32599999999996,230.31440000000003,230.7798,,
2026-01-12 12:45:00+05:30,240.74,241.83,240.68,241.2,2609613,241.57800000000003,241.39700000000002,237.93649999999997,230.6652,230.8728,,
2026-01-12 13:00:00+05:30,241.25,241.4,240.32,240.78,2936145,241.314,241.5,238.53850000000003,231.0182,230.9628,,
2026-01-12 13:15:00+05:30,240.76,242.14,240.75,241.75,2430847,241.266,241.644,239.13900000000004,231.3974,231.06830000000002,,
2026-01-12 13:30:00+05:30,241.76,242.19,241.42,241.69,1982385,241.23199999999997,241.623,239.73449999999997,231.78239999999997,231.17,,
2026-01-12 13:45:00+05:30,241.69,242.0,241.55,241.98,1717746,241.47999999999996,241.59900000000002,240.31099999999998,232.1782,231.2732,,
2026-01-12 14:00:00+05:30,241.96,242.24,241.71,241.75,1624825,241.59,241.584,240.906,232.58960000000002,231.37619999999998,,
2026-01-12 14:15:00+05:30,241.72,242.35,241.71,242.32,1714078,241.898,241.60600000000005,241.067,232.99,231.4801,,
2026-01-12 14:30:00+05:30,242.34,242.88,242.2,242.86,2220307,242.12000000000003,241.69299999999998,241.2625,233.3972,231.59579999999997,,
2026-01-12 14:45:00+05:30,242.88,242.99,242.43,242.83,2806938,242.348,241.78999999999996,241.44299999999998,233.80020000000002,231.7075,,
2026-01-12 15:00:00+05:30,242.83,242.94,242.55,242.94,3139026,242.54000000000002,242.01,241.61700000000002,234.1902,231.82059999999998,,
2026-01-12 15:15:00+05:30,242.95,244.0,242.9,243.75,7732689,242.94,242.26499999999996,241.831,234.5802,231.9364,227.52025,
2026-01-13 09:15:00+05:30,246.6,248.89,246.11,248.8,16608748,244.23600000000002,243.067,242.2835,235.03620000000004,232.06759999999997,227.68215,
2026-01-13 09:30:00+05:30,248.8,250.4,248.71,250.25,12035965,245.71400000000003,243.917,242.78050000000002,235.51600000000002,232.21869999999998,227.85025,
2026-01-13 09:45:00+05:30,250.22,251.4,250.22,250.89,9926035,247.32600000000002,244.837,243.23000000000002,236.0172,232.36980000000003,228.02245,
2026-01-13 10:00:00+05:30,250.89,250.9,249.85,250.25,5716504,248.788,245.664,243.63150000000002,236.49439999999998,232.51980000000003,228.19424999999998,
2026-01-13 10:15:00+05:30,250.25,250.8,249.7,250.8,3438307,250.198,246.56900000000002,244.07649999999998,236.98919999999998,232.6793,228.37035,
2026-01-13 10:30:00+05:30,250.8,250.88,250.02,250.35,2801507,250.50799999999998,247.37199999999999,244.48900000000003,237.47099999999998,232.82989999999998,228.5482,
2026-01-13 10:45:00+05:30,250.37,250.75,250.24,250.75,1267926,250.608,248.161,244.92700000000005,237.96719999999996,232.9792,228.7257,
2026-01-13 11:00:00+05:30,250.75,250.76,248.31,249.96,7896795,250.42200000000003,248.87399999999997,245.33199999999997,238.43040000000002,233.1393,228.89925,
2026-01-13 11:15:00+05:30,249.98,250.2,249.25,249.7,2000797,250.31199999999998,249.55,245.78000000000003,238.8716,233.2968,229.07015000000004,
2026-01-13 11:30:00+05:30,249.7,249.74,248.52,248.87,2978804,249.92600000000002,250.06200000000004,246.16350000000003,239.3008,233.44359999999998,229.23725,
2026-01-13 11:45:00+05:30,248.87,249.15,247.6,247.66,3863104,249.388,249.948,246.5075,239.7018,233.57929999999996,229.3981,
2026-01-13 12:00:00+05:30,247.62,248.3,243.79,245.07,10183771,248.252,249.43,246.67349999999996,240.0422,233.70350000000002,229.54534999999998,
2026-01-13 12:15:00+05:30,245.11,247.29,245.11,246.31,5770786,247.522,248.97200000000004,246.9045,240.39919999999998,233.84040000000002,229.6993,
2026-01-13 12:30:00+05:30,246.33,246.75,245.25,246.47,3699308,246.87599999999998,248.594,247.12900000000005,240.76139999999998,233.9713,229.85580000000002,
2026-01-13 12:45:00+05:30,246.47,247.24,245.75,247.02,2491474,246.506,248.21599999999998,247.3925,241.139,234.0995,230.01644999999996,
2026-01-13 13:00:00+05:30,247.02,248.48,246.93,248.0,4084984,246.57399999999998,247.981,247.67649999999998,241.5334,234.2333,230.18285,
2026-01-13 13:15:00+05:30,247.95,248.4,247.61,248.22,1955474,247.204,247.728,247.9445,241.94819999999999,234.36559999999997,230.35125,
2026-01-13 13:30:00+05:30,248.21,249.88,248.21,249.7,3759309,247.88199999999998,247.702,248.288,242.36720000000003,234.5162,230.52920000000003,
2026-01-13 13:45:00+05:30,249.7,249.88,248.81,249.75,2842251,248.538,247.70700000000002,248.62849999999997,242.78379999999999,234.66479999999999,230.70595,
2026-01-13 14:00:00+05:30,249.75,250.29,248.6,249.34,4254760,249.002,247.754,248.908,243.19079999999997,234.8095,230.87865,
2026-01-13 14:15:00+05:30,249.33,249.79,249.0,249.5,2042719,249.302,247.93800000000002,248.94300000000004,243.606,234.958,231.05495,
2026-01-13 14:30:00+05:30,249.51,249.99,249.4,249.55,1690343,249.56799999999998,248.38599999999997,248.90800000000004,244.00220000000002,235.113,231.22729999999999,
2026-01-13 14:45:00+05:30,249.64,249.69,249.27,249.36,1807811,249.5,248.69099999999997,248.8315,244.3938,235.26919999999998,231.39915000000002,
2026-01-13 15:00:00+05:30,249.33,249.85,249.2,249.45,3258194,249.44,248.98899999999998,248.79149999999998,244.77380000000002,235.4166,231.57240000000002,
2026-01-13 15:15:00+05:30,249.5,249.64,249.25,249.45,5520506,249.462,249.23200000000003,248.724,245.16580000000002,235.5702,231.74414999999996,
2026-01-14 09:15:00+05:30,258.5,262.5,258.5,261.81,24570752,251.92399999999998,250.613,249.29699999999997,245.62,235.89480000000003,231.95435,
2026-01-14 09:30:00+05:30,261.89,262.0,259.78,260.4,19672307,254.094,251.831,249.77949999999996,246.04899999999998,236.21239999999997,232.1502,
2026-01-14 09:45:00+05:30,260.4,262.41,260.39,260.88,8591938,256.398,252.94899999999998,250.32549999999998,246.4822,236.54190000000003,232.3518,
2026-01-14 10:00:00+05:30,260.97,261.69,260.75,261.12,4640031,258.73199999999997,254.086,250.89649999999997,246.9154,236.8761,232.5549,
2026-01-14 10:15:00+05:30,261.11,261.3,260.2,260.94,4222167,261.03,255.246,251.5,247.3448,237.21099999999998,232.75915,
2026-01-14 10:30:00+05:30,260.94,261.64,260.85,261.25,3237712,260.918,256.421,252.17950000000002,247.7748,237.56539999999998,232.9652,
2026-01-14 10:45:00+05:30,261.25,261.6,261.0,261.55,2721464,261.148,257.621,253.00350000000003,248.1996,237.93210000000002,233.1693,
2026-01-14 11:00:00+05:30,261.53,262.27,261.17,261.89,3502739,261.35,258.87399999999997,253.78249999999997,248.59940000000003,238.34490000000002,233.37425,
2026-01-14 11:15:00+05:30,261.88,262.3,259.8,260.0,6590613,261.12600000000003,259.929,254.45899999999997,248.955,238.711,233.56845,
2026-01-14 11:30:00+05:30,259.9,261.8,259.7,261.59,4615219,261.256,261.143,255.1875,249.3488,239.1096,233.77195,
2026-01-14 11:45:00+05:30,261.5,262.0,261.31,261.39,2549340,261.284,261.101,255.85700000000003,249.7346,239.4941,233.97105,
2026-01-14 12:00:00+05:30,261.39,261.47,260.24,260.73,3587556,261.12,261.13399999999996,256.48249999999996,250.1094,239.8659,234.16490000000002,
2026-01-14 12:15:00+05:30,260.73,261.29,260.43,261.19,1980652,260.98,261.165,257.057,250.496,240.24269999999996,234.3616,
2026-01-14 12:30:00+05:30,261.18,261.19,260.87,261.0,1631799,261.18,261.15299999999996,257.6195,250.9012,240.6078,234.55990000000003,
2026-01-14 12:45:00+05:30,260.99,261.09,260.85,261.0,4265357,261.062,261.159,258.2025,251.2972,240.9812,234.75905000000003,
2026-01-14 13:00:00+05:30,261.0,261.45,260.85,261.13,3651290,261.01,261.147,258.784,251.7042,241.3612,234.9607,
2026-01-14 13:15:00+05:30,261.12,261.67,261.12,261.37,1731296,261.13800000000003,261.129,259.375,252.0966,241.74699999999996,235.16345,
2026-01-14 13:30:00+05:30,261.39,261.67,261.0,261.4,2602744,261.17999999999995,261.08,259.977,252.49079999999998,242.1366,235.36595,
2026-01-14 13:45:00+05:30,261.39,261.57,260.88,261.16,2613077,261.21200000000005,261.196,260.5625,252.87439999999998,242.52630000000002,235.56474999999998,
2026-01-14 14:00:00+05:30,261.16,261.6,261.1,261.21,3147495,261.254,261.158,261.1505,253.2636,242.9266,235.76335,
2026-01-14 14:15:00+05:30,261.2,261.25,260.9,260.99,3829555,261.226,261.11800000000005,261.10949999999997,253.637,243.31350000000003,235.9605,
2026-01-14 14:30:00+05:30,261.0,261.49,260.95,261.44,2189076,261.24,261.189,261.16150000000005,254.00859999999997,243.7029,236.16075,
2026-01-14 14:45:00+05:30,261.44,262.23,261.44,262.18,4523086,261.396,261.288,261.22650000000004,254.39559999999997,244.0979,236.36270000000002,
2026-01-14 15:00:00+05:30,262.12,262.3,262.0,262.29,4408172,261.62199999999996,261.41700000000003,261.285,254.78260000000003,244.4864,236.56615000000002,
2026-01-14 15:15:00+05:30,262.29,264.0,262.25,263.9,9965668,262.16,261.707,261.433,255.18560000000002,244.88289999999998,236.7748,
2026-01-16 09:15:00+05:30,262.81,266.0,261.0,263.65,21494391,262.69199999999995,261.959,261.553,255.4826,245.2594,236.97885000000002,
2026-01-16 09:30:00+05:30,263.6,265.16,263.57,264.79,7771511,263.36199999999997,262.30100000000004,261.715,255.7734,245.6447,237.18245,
2026-01-16 09:45:00+05:30,264.79,266.84,264.69,265.99,8955174,264.12399999999997,262.76,261.92,256.0754,246.04629999999997,237.39125,
2026-01-16 10:00:00+05:30,265.98,266.0,265.23,265.79,4098865,264.824,263.223,262.20950000000005,256.3862,246.44029999999998,237.5975,
2026-01-16 10:15:00+05:30,265.79,266.0,265.5,265.88,2987586,265.21999999999997,263.69,262.42400000000004,256.68780000000004,246.8385,237.804,
2026-01-16 10:30:00+05:30,265.88,265.9,264.82,265.14,3309715,265.51800000000003,264.10499999999996,262.6115,256.9836,247.22729999999999,238.00775000000002,
2026-01-16 10:45:00+05:30,265.14,265.89,264.86,265.63,2875040,265.68600000000004,264.524,262.8565,257.2812,247.62420000000003,238.21329999999998,
2026-01-16 11:00:00+05:30,265.68,266.39,265.12,266.38,3405943,265.764,264.944,263.116,257.6096,248.02,238.42610000000002,
2026-01-16 11:15:00+05:30,266.4,267.97,266.33,267.55,5662494,266.116,265.46999999999997,263.4435,257.96659999999997,248.4191,238.6416,
2026-01-16 11:30:00+05:30,267.55,267.55,266.51,266.88,3608176,266.316,265.768,263.7375,258.3268,248.8138,238.8541,
2026-01-16 11:45:00+05:30,266.84,267.21,266.45,266.98,2661655,266.684,266.101,264.03000000000003,258.7132,249.2075,239.067,
2026-01-16 12:00:00+05:30,266.89,267.11,265.52,265.52,3441731,266.662,266.174,264.2375,259.1222,249.58219999999997,239.2731,
2026-01-16 12:15:00+05:30,265.65,266.3,264.95,266.05,4334357,266.596,266.18,264.46999999999997,259.517,249.9581,239.48135,
2026-01-16 12:30:00+05:30,266.05,266.98,266.05,266.78,2765957,266.442,266.279,264.75100000000003,259.9232,250.3423,239.69369999999998,
2026-01-16 12:45:00+05:30,266.77,266.9,266.31,266.8,1566068,266.426,266.371,265.0305,260.31879999999995,250.72889999999998,239.90614999999997,
2026-01-16 13:00:00+05:30,266.79,266.9,266.37,266.63,1354292,266.35600000000005,266.52000000000004,265.3125,260.6914,251.1124,240.11785,
2026-01-16 13:15:00+05:30,266.7,266.8,266.5,266.56,1230783,266.564,266.613,265.5685,261.0582,251.5032,240.3306,
2026-01-16 13:30:00+05:30,266.56,266.78,266.5,266.63,1190596,266.67999999999995,266.63800000000003,265.79100000000005,261.3968,251.882,240.5424,
2026-01-16 13:45:00+05:30,266.63,267.36,266.59,267.28,2304485,266.78,266.611,266.04049999999995,261.7474,252.2656,240.75695,
2026-01-16 14:00:00+05:30,267.22,267.62,267.0,267.28,2439916,266.876,266.651,266.2095,262.1062,252.6485,240.97099999999998,
2026-01-16 14:15:00+05:30,267.3,267.8,267.21,267.59,2637111,267.06800000000004,266.712,266.4065,262.468,253.037,241.18689999999998,
2026-01-16 14:30:00+05:30,267.62,269.45,267.5,268.79,5198389,267.514,267.039,266.6065,262.8528,253.4275,241.4084,
2026-01-16 14:45:00+05:30,268.79,269.29,268.29,269.25,4378540,268.038,267.359,266.7695,263.25059999999996,253.8222,241.62985,
2026-01-16 15:00:00+05:30,269.26,269.8,269.11,269.35,4991351,268.452,267.61600000000004,266.9475,263.6486,254.2112,241.84959999999998,
2026-01-16 15:15:00+05:30,269.41,269.8,269.06,269.4,9510263,268.87600000000003,267.876,267.1235,264.0476,254.60670000000002,242.0661,
2026-01-19 09:15:00+05:30,274.3,278.25,274.25,276.74,25903608,270.706,268.887,267.70349999999996,264.3462,254.9831,242.2938,
2026-01-19 09:30:00+05:30,276.72,277.96,276.65,277.93,7920373,272.534,270.024,268.3185,264.6968,255.37290000000002,242.5249,
2026-01-19 09:45:00+05:30,277.95,278.98,277.8,278.23,8412451,274.33000000000004,271.18399999999997,268.911,265.0438,255.763,242.7581,
2026-01-19 10:00:00+05:30,278.22,278.5,277.67,278.26,4716524,276.11199999999997,272.28200000000004,269.44649999999996,265.3866,256.151,242.9943,
2026-01-19 10:15:00+05:30,278.3,278.67,277.9,277.96,3585736,277.82399999999996,273.35,270.0005,265.72700000000003,256.5359,243.22865,
2026-01-19 10:30:00+05:30,277.97,278.81,277.85,278.6,4137337,278.196,274.451,270.5815,266.07399999999996,256.9244,243.46580000000003,
2026-01-19 10:45:00+05:30,278.6,278.65,278.35,278.5,2256368,278.31000000000006,275.422,271.2305,266.413,257.30629999999996,243.6993,
2026-01-19 11:00:00+05:30,278.5,278.97,278.25,278.5,3575454,278.36400000000003,276.34700000000004,271.853,266.74519999999995,257.6723,243.93085000000002,
2026-01-19 11:15:00+05:30,278.5,278.7,277.8,278.33,4105684,278.378,277.245,272.4305,267.1118,258.03340000000003,244.1634,
2026-01-19 11:30:00+05:30,278.33,278.7,278.0,278.62,3871473,278.51000000000005,278.16700000000003,273.02149999999995,267.45239999999995,258.4006,244.3978,
2026-01-19 11:45:00+05:30,278.66,279.2,278.4,279.0,3439068,278.59,278.393,273.64,267.8046,258.76959999999997,244.63279999999997,
2026-01-19 12:00:00+05:30,279.0,279.38,278.78,279.29,3153096,278.748,278.529,274.2765,268.17580000000004,259.1426,244.86935000000003,
2026-01-19 12:15:00+05:30,279.29,281.19,279.2,281.19,6149376,279.28599999999994,278.825,275.0045,268.57579999999996,259.5359,245.11495000000002,
2026-01-19 12:30:00+05:30,281.2,281.3,279.41,280.0,6568169,279.62,278.99899999999997,275.64050000000003,268.95579999999995,259.9285,245.35415,
2026-01-19 12:45:00+05:30,280.0,280.9,279.5,280.78,3535321,280.052,279.281,276.31550000000004,269.3514,260.3243,245.59855,
2026-01-19 13:00:00+05:30,280.79,281.18,280.23,280.6,3790915,280.372,279.481,276.966,269.74080000000004,260.7225,245.84265,
2026-01-19 13:15:00+05:30,280.59,280.64,279.82,280.42,4099797,280.598,279.673,277.5475,270.1218,261.1092,246.08875,
2026-01-19 13:30:00+05:30,280.22,280.85,279.99,280.37,2632212,280.434,279.86,278.10350000000005,270.5012,261.49600000000004,246.333,
2026-01-19 13:45:00+05:30,280.35,280.77,280.2,280.49,1835838,280.53200000000004,280.076,278.6605,270.88779999999997,261.8811,246.57715,
2026-01-19 14:00:00+05:30,280.51,280.7,280.2,280.31,2201969,280.438,280.245,279.206,271.2698,262.2667,246.82144999999997,
2026-01-19 14:15:00+05:30,280.34,280.65,279.64,279.99,4876706,280.316,280.344,279.36850000000004,271.64979999999997,262.6434,247.06175,
2026-01-19 14:30:00+05:30,279.99,280.98,279.6,280.98,5131107,280.428,280.51300000000003,279.521,272.04060000000004,263.0246,247.3102,
2026-01-19 14:45:00+05:30,280.94,281.0,280.56,281.0,2958981,280.554,280.494,279.6595,272.41700000000003,263.4063,247.55689999999998,
2026-01-19 15:00:00+05:30,281.0,283.2,280.92,282.67,9393419,280.99,280.761,279.88,272.8246,263.8036,247.81210000000002,
2026-01-19 15:15:00+05:30,282.6,284.9,282.53,284.7,11175461,281.868,281.15299999999996,280.217,273.24060000000003,264.2131,248.07475,
2026-01-20 09:15:00+05:30,288.15,298.0,288.15,293.87,38873483,284.64399999999995,282.48,280.9805,273.845,264.66380000000004,248.36570000000003,
2026-01-20 09:30:00+05:30,293.88,296.0,293.11,294.5,19866280,287.34799999999996,283.88800000000003,281.78049999999996,274.43919999999997,265.10630000000003,248.6625,
2026-01-20 09:45:00+05:30,294.5,294.7,288.5,291.24,18258666,289.396,284.975,282.4175,274.94419999999997,265.5098,248.9398,
2026-01-20 10:00:00+05:30,291.18,294.0,290.69,293.22,9981530,291.50600000000003,286.248,283.162,275.49280000000005,265.93949999999995,249.22965,
2026-01-20 10:15:00+05:30,293.34,294.46,293.22,293.68,6223787,293.302,287.585,283.915,276.0488,266.3683,249.52380000000002,
2026-01-20 10:30:00+05:30,293.52,294.1,292.85,293.22,5210988,293.17199999999997,288.908,284.62600000000003,276.6104,266.797,249.81345,
2026-01-20 10:45:00+05:30,293.17,293.85,292.5,293.34,3661976,292.94000000000005,290.144,285.3285,277.1646,267.2229,250.10105,
2026-01-20 11:00:00+05:30,293.34,294.3,293.08,293.8,4623635,293.452,291.42400000000004,285.95899999999995,277.71299999999997,267.6613,250.40030000000002,
2026-01-20 11:15:00+05:30,293.8,294.83,293.6,294.38,4708896,293.68399999999997,292.595,286.678,278.24960000000004,268.10810000000004,250.70245,
2026-01-20 11:30:00+05:30,294.44,295.21,293.9,294.43,5446202,293.834,293.568,287.3605,278.8006,268.56370000000004,251.00365000000002,
2026-01-20 11:45:00+05:30,294.43,294.79,294.0,294.56,3172729,294.102,293.637,288.05850000000004,279.35220000000004,269.0327,251.30599999999998,
2026-01-20 12:00:00+05:30,294.64,294.7,293.94,294.56,3913486,294.346,293.643,288.76550000000003,279.933,269.5276,251.61555,
2026-01-20 12:15:00+05:30,294.59,295.68,294.41,295.05,5119333,294.596,294.024,289.4995,280.513,270.015,251.92770000000002,
2026-01-20 12:30:00+05:30,294.93,295.8,294.91,295.59,5109460,294.838,294.26099999999997,290.2545,281.0892,270.5062,252.23875,
2026-01-20 12:45:00+05:30,295.6,295.85,294.81,295.36,4274526,295.024,294.429,291.007,281.6604,270.9896,252.54455000000002,
2026-01-20 13:00:00+05:30,295.37,296.75,295.0,296.64,4556884,295.44,294.771,291.8395,282.26059999999995,271.476,252.85465,
2026-01-20 13:15:00+05:30,296.64,296.95,295.82,296.82,5211214,295.89199999999994,295.119,292.6315,282.86580000000004,271.962,253.1638,
2026-01-20 13:30:00+05:30,296.75,298.0,296.39,297.76,5971157,296.43399999999997,295.515,293.46950000000004,283.4884,272.4426,253.4794,
2026-01-20 13:45:00+05:30,297.77,299.45,297.52,299.1,7114729,297.136,295.98699999999997,294.291,284.1248,272.9361,253.80045,
2026-01-20 14:00:00+05:30,299.01,300.3,297.18,299.2,12153204,297.904,296.464,295.016,284.7632,273.4347,254.1221,
2026-01-20 14:15:00+05:30,299.18,302.0,299.06,301.54,9434806,298.884,297.162,295.39950000000005,285.44219999999996,273.9551,254.45655,
2026-01-20 14:30:00+05:30,301.54,302.24,296.3,298.43,17426694,299.206,297.54900000000004,295.596,286.035,274.44390000000004,254.77845000000002,
2026-01-20 14:45:00+05:30,298.7,299.42,290.0,298.89,21601033,299.432,297.933,295.9785,286.6278,274.9392,255.10420000000002,
2026-01-20 15:00:00+05:30,299.11,299.5,296.0,298.85,7225605,299.38199999999995,298.25899999999996,296.26000000000005,287.2178,275.4332,255.42489999999998,
2026-01-20 15:15:00+05:30,298.87,298.87,296.13,297.45,7772013,299.03200000000004,298.468,296.4485,287.7788,275.9132,255.74169999999998,
2026-01-21 09:15:00+05:30,300.0,305.0,297.63,303.95,29621894,299.514,299.19899999999996,296.985,288.32300000000004,276.3346,256.1147,
2026-01-21 09:30:00+05:30,303.95,304.75,303.22,304.74,9801123,300.77599999999995,299.991,297.55499999999995,288.85920000000004,276.778,256.4952,
2026-01-21 09:45:00+05:30,304.74,308.5,303.5,307.61,14596302,302.52,300.976,298.24550000000005,289.4468,277.2453,256.8936,
2026-01-21 10:00:00+05:30,307.7,309.0,307.05,308.2,11109325,304.39,301.886,298.9365,290.04560000000004,277.7161,257.29609999999997,
2026-01-21 10:15:00+05:30,308.2,309.13,305.36,306.82,10996157,306.264,302.648,299.556,290.6228,278.17490000000004,257.69295,
2026-01-21 10:30:00+05:30,306.9,308.24,306.0,308.24,6598092,307.122,303.31800000000004,300.23999999999995,291.2156,278.64480000000003,258.1051,
2026-01-21 10:45:00+05:30,308.17,308.5,307.02,308.09,4208900,307.79200000000003,304.284,300.9165,291.80740000000003,279.1102,258.52115,
2026-01-21 11:00:00+05:30,308.07,308.34,307.53,307.86,2769991,307.842,305.181,301.557,292.3946,279.56989999999996,258.9574,
2026-01-21 11:15:00+05:30,307.86,308.79,307.61,308.77,3288983,307.956,306.173,302.216,293.00340000000006,280.0576,259.3843,
2026-01-21 11:30:00+05:30,308.77,309.44,308.4,309.2,4718189,308.432,307.34799999999996,302.908,293.615,280.5337,259.82165000000003,
2026-01-21 11:45:00+05:30,309.2,309.65,308.6,309.34,3652345,308.652,307.887,303.543,294.22180000000003,281.0132,260.25365,
2026-01-21 12:00:00+05:30,309.4,309.8,308.5,308.74,4605624,308.782,308.28700000000003,304.139,294.8108,281.49330000000003,260.6796,
2026-01-21 12:15:00+05:30,308.74,308.89,307.6,307.95,4316465,308.8,308.321,304.64849999999996,295.346,281.9609,261.1018,
2026-01-21 12:30:00+05:30,307.95,308.41,307.5,307.58,3319138,308.562,308.25899999999996,305.07250000000005,295.8976,282.42670000000004,261.51725,
2026-01-21 12:45:00+05:30,307.54,307.94,307.25,307.83,2392377,308.288,308.36,305.504,296.4386,282.895,261.9381,
2026-01-21 13:00:00+05:30,307.84,308.3,307.65,308.05,2048994,308.03000000000003,308.341,305.82949999999994,296.9876,283.36420000000004,262.3627,
2026-01-21 13:15:00+05:30,308.05,308.68,307.17,307.75,3415600,307.832,308.307,306.2955,297.5342,283.82800000000003,262.7875,
2026-01-21 13:30:00+05:30,307.63,308.48,307.62,308.29,1410382,307.9,308.35,306.7655,298.0926,284.2969,263.21675,
2026-01-21 13:45:00+05:30,308.29,308.4,307.84,308.15,1460626,308.014,308.288,307.2305,298.6458,284.7668,263.64655,
2026-01-21 14:00:00+05:30,308.14,308.35,307.7,308.14,1756747,308.076,308.182,307.765,299.20239999999995,285.2361,264.08135,
2026-01-21 14:15:00+05:30,308.14,308.3,307.72,308.3,2170607,308.126,308.07800000000003,307.98249999999996,299.7686,285.7092,264.51135,
2026-01-21 14:30:00+05:30,308.3,309.15,308.21,309.05,4063372,308.38599999999997,308.109,308.198,300.33,286.18530000000004,264.9441,
2026-01-21 14:45:00+05:30,309.02,310.7,308.66,310.7,6720595,308.868,308.384,308.35249999999996,300.92400000000004,286.6705,265.3842,
2026-01-21 15:00:00+05:30,310.69,310.69,309.03,310.25,5495306,309.288,308.651,308.455,301.4756,287.1501,265.81825000000003,
2026-01-21 15:15:00+05:30,310.2,312.0,310.0,311.9,10240226,310.04,309.058,308.709,302.01959999999997,287.6301,266.25649999999996,
